,4,5,6,Seven 6
0,have,their,people,because
1,that,would,should,through
2,with,about,school,between
3,this,there,become,another
4,they,think,really,student
5,from,which,family,country
6,what,could,system,problem
7,make,other,during,against
8,know,these,number,company
9,will,first,always,program
10,time,thing,happen,believe
11,year,those,before,without
12,when,woman,mother,million
13,them,child,though,provide
14,some,after,little,service
15,take,world,around,however
16,into,still,friend,include
17,just,three,father,several
18,your,state,member,nothing
19,come,never,almost,whether
20,than,leave,change,already
21,like,while,minute,history
22,then,great,social,morning
23,more,group,follow,himself
24,want,begin,parent,teacher
25,look,where,create,process
26,also,every,public,college
27,find,start,others,someone
28,here,might,office,suggest
29,give,place,health,control
30,many,again,person,perhaps
31,well,right,within,require
32,only,small,result,finally
33,tell,night,reason,explain
34,very,point,moment,develop
35,even,today,enough,federal
36,back,bring,across,receive
37,good,large,second,society
38,life,under,toward,special
39,work,water,policy,support
40,down,write,appear,project
41,call,money,market,produce
42,over,story,expect,picture
43,last,young,nation,product
44,need,month,course,patient
45,feel,study,behind,certain
46,high,issue,remain,century
47,most,black,effect,culture
48,much,house,former,billion
49,mean,since,report,brother
50,keep,until,better,realize
51,same,power,effort,hundred
52,seem,often,decide,husband
53,help,among,strong,economy
54,talk,stand,leader,medical
55,turn,later,police,current
56,hand,white,return,involve
57,show,least,action,defense
58,part,learn,season,subject
59,such,watch,player,officer
60,case,speak,record,private
61,week,level,ground,quickly
62,each,allow,matter,foreign
63,hear,spend,center,natural
64,play,party,couple,concern
65,move,early,figure,similar
66,live,force,street,usually
67,hold,offer,itself,article
68,next,maybe,either,despite
69,must,music,recent,central
70,home,human,doctor,exactly
71,room,serve,worker,protect
72,area,sense,simply,serious
73,fact,build,source,thought
74,book,death,nearly,quality
75,word,reach,choose,meeting
76,side,local,window,prepare
77,kind,class,listen,disease
78,four,raise,chance,success
79,head,field,energy,ability
80,long,major,period,herself
81,both,along,summer,general
82,away,heart,likely,feeling
83,hour,light,letter,message
84,game,voice,choice,outside
85,line,whole,single,benefit
86,ever,price,church,forward
87,lose,carry,future,present
88,meet,drive,anyone,section
89,city,break,myself,compare
90,name,thank,author,station
91,five,value,agency,clearly
92,once,model,nature,discuss
93,real,agree,reduce,example
94,team,paper,common,various
95,best,space,series,manager
96,idea,event,animal,network
97,body,whose,factor,science
98,lead,table,decade,imagine
99,stop,court,artist,tonight
100,face,teach,career,respond
101,read,image,beyond,popular
102,door,phone,simple,contain
103,sure,cover,accept,measure
104,grow,quite,answer,perform
105,open,clear,amount,evening
106,walk,piece,growth,mention
107,girl,movie,degree,trouble
108,food,north,wonder,instead
109,foot,third,attack,improve
110,able,catch,region,soldier
111,love,cause,pretty,reflect
112,wait,plant,arrive,surface
113,send,short,lawyer,purpose
114,stay,south,sister,pattern
115,fall,floor,design,machine
116,plan,close,indeed,address
117,kill,wrong,rather,reality
118,yeah,sport,entire,partner
119,care,board,forget,kitchen
120,late,fight,remove,capital
121,hard,throw,memory,account
122,else,order,expert,western
123,pass,focus,spring,prevent
124,sell,blood,finish,citizen
125,role,color,theory,mission
126,rate,store,impact,publish
127,drug,sound,charge,release
128,wife,enter,reveal,opinion
129,mind,share,weapon,version
130,pull,shoot,manage,species
131,free,seven,camera,freedom
132,less,scene,weight,achieve
133,hope,stock,affect,concept
134,view,eight,inside,perfect
135,town,happy,writer,conduct
136,road,occur,middle,examine
137,TRUE,media,detail,variety
138,full,ready,method,nuclear
139,join,argue,sexual,replace
140,pick,staff,cancer,British
141,wear,trade,finger,feature
142,form,glass,garden,weekend
143,site,skill,notice,African
144,base,crime,modern,element
145,star,stage,budget,Chinese
146,half,truth,victim,attempt
147,easy,check,threat,village
148,cost,laugh,dinner,express
149,data,guess,relate,willing
150,land,prove,travel,deliver
151,wall,claim,debate,vehicle
152,news,enjoy,senior,observe
153,test,legal,assume,average
154,step,final,suffer,operate
155,baby,green,speech,collect
156,type,above,option,promote
157,draw,trial,forest,survive
158,film,radio,global,failure
159,tree,visit,Senate,comment
160,hair,avoid,reform,regular
161,soon,peace,access,anybody
162,term,apply,credit,quarter
163,rule,shake,corner,growing
164,risk,chair,recall,destroy
165,fire,treat,safety,context
166,bank,style,income,mistake
167,west,adult,strike,clothes
168,seek,worry,nobody,promise
169,rest,range,object,combine
170,deal,dream,client,victory
171,past,stuff,please,healthy
172,goal,hotel,attend,finding
173,fill,heavy,spirit,contact
174,drop,tough,battle,justice
175,upon,exist,crisis,eastern
176,push,agent,define,primary
177,note,owner,easily,plastic
178,fine,ahead,vision,writing
179,near,coach,status,chicken
180,page,total,normal,theater
181,poor,civil,slowly,session
182,race,mouth,driver,welcome
183,dead,smile,handle,respect
184,rise,score,survey,Russian
185,east,front,winter,strange
186,save,admit,Soviet,reading
187,thus,alone,refuse,explore
188,size,fresh,screen,complex
189,fund,video,reader,athlete
190,sign,judge,target,meaning
191,list,stare,prison,married
192,left,troop,demand,predict
193,loss,track,flight,weather
194,bill,basic,emerge,Supreme
195,fail,plane,bright,balance
196,miss,labor,sample,connect
197,sort,refer,settle,somehow
198,blue,touch,highly,analyst
199,song,sleep,mostly,largely
200,dark,press,lesson,revenue
201,hang,brain,living,package
202,rock,dozen,unless,obvious
203,cold,sorry,border,anymore
204,main,stick,gather,propose
205,card,stone,critic,visitor
206,seat,scale,aspect,hearing
207,cell,drink,insist,traffic
208,nice,truck,annual,capture
209,firm,sales,French,content
210,huge,shape,affair,declare
211,ball,crowd,spread,setting
212,onto,horse,ignore,outcome
213,pain,guard,belief,airport
214,wide,terms,murder,English
215,fish,quick,review,neither
216,trip,pound,editor,surgery
217,unit,basis,engage,correct
218,deep,guest,coffee,ancient
219,edge,block,anyway,silence
220,fear,title,commit,typical
221,heat,faith,female,confirm
222,sing,river,afraid,attract
223,whom,count,native,bedroom
224,skin,marry,Indian,totally
225,item,limit,active,stretch
226,yard,worth,extend,fashion
227,beat,speed,remind,welfare
228,tend,cross,United,opening
229,task,youth,depend,overall
230,shot,broad,direct,initial
231,wish,twice,famous,careful
232,safe,grade,flower,holiday
233,rich,quiet,supply,witness
234,vote,dress,search,beneath
235,none,aware,circle,limited
236,born,chief,device,faculty
237,wind,below,bottom,liberal
238,fast,voter,island,massive
239,bird,moral,studio,decline
240,hurt,photo,damage,towards
241,nine,daily,intend,succeed
242,camp,fully,danger,fishing
243,date,actor,desire,unusual
244,hole,birth,injury,closely
245,ship,clean,engine,approve
246,park,train,fourth,acquire
247,spot,plate,expand,compete
248,lack,alive,ticket,illegal
249,boat,abuse,mental,forever
250,wood,extra,farmer,Israeli
251,roll,paint,planet,display
252,gain,climb,obtain,musical
253,hide,sweet,invite,suspect
254,gold,metal,repeat,scholar
255,club,urban,pocket,warning
256,farm,lunch,breath,climate
257,band,sugar,belong,payment
258,ride,enemy,advice,request
259,text,panel,breast,emotion
260,tool,sight,thanks,airline
261,wild,adopt,yellow,library
262,earn,works,shadow,recover
263,tiny,empty,locate,factory
264,feed,trail,county,expense
265,path,novel,bridge,funding
266,shop,Iraqi,e-mail,therapy
267,folk,theme,profit,housing
268,lift,storm,muscle,violent
269,jump,union,notion,suppose
270,warm,fruit,prefer,wedding
271,soft,prime,museum,portion
272,gift,dance,beauty,abandon
273,wave,being,unique,tension
274,deny,shift,ethnic,leading
275,suit,trend,stress,consist
276,blow,angry,select,alcohol
277,cook,truly,actual,Spanish
278,burn,earth,bottle,passage
279,shoe,chest,hardly,arrange
280,bone,thick,launch,deserve
281,wine,sheet,defend,resolve
282,cool,ought,ensure,Mexican
283,hell,brown,extent,symptom
284,tour,shirt,estate,breathe
285,grab,pilot,pursue,suicide
286,fair,guide,Jewish,passion
287,pair,steal,branch,amazing
288,knee,funny,relief,intense
289,tape,blame,manner,advance
290,hire,crazy,rating,inspire
291,lady,chain,golden,visible
292,neck,solve,motion,illness
293,lean,equal,German,analyze
294,tall,forth,gender,parking
295,hate,frame,except,enhance
296,male,trust,afford,mystery
297,army,ocean,regime,poverty
298,shut,tooth,appeal,monitor
299,lots,smart,mirror,digital
300,rain,topic,length,heavily
301,fuel,nurse,secret,missile
302,leaf,aside,master,equally
303,pool,doubt,winner,command
304,salt,grant,volume,veteran
305,soul,cloud,pepper,capable
306,bear,cheap,divide,nervous
307,thin,beach,oppose,tourist
308,poll,route,league,crucial
309,okay,upper,employ,deficit
310,code,tired,barely,journey
311,jury,fewer,sector,mixture
312,desk,apart,beside,whisper
313,ring,match,merely,anxiety
314,mark,proud,invest,embrace
315,loan,waste,expose,testing
316,crew,wheel,narrow,stomach
317,meal,cable,accuse,install
318,cash,rural,useful,concert
319,link,cream,reject,channel
320,root,solid,talent,extreme
321,nose,noise,escape,drawing
322,file,grass,height,protein
323,sick,taste,assess,absence
324,duty,sharp,plenty,rapidly
325,slow,lower,campus,speaker
326,zone,honor,proper,restore
327,wake,knock,guilty,quietly
328,warn,asset,column,utility
329,snow,bread,signal,highway
330,slip,lucky,regard,routine
331,meat,brief,twenty,Islamic
332,soil,steel,prayer,refugee
333,golf,shout,cheese,barrier
334,user,layer,permit,classic
335,kick,slide,scream,distant
336,used,shall,deeply,Italian
337,bowl,error,agenda,ceiling
338,host,print,unable,roughly
339,hall,album,arrest,lawsuit
340,rely,joint,visual,chamber
341,debt,reply,fairly,profile
342,rare,cycle,silent,penalty
343,tank,grand,widely,cabinet
344,bond,hello,inform,proceed
345,wing,knife,bother,dispute
346,pour,phase,enable,fortune
347,stir,quote,saving,genetic
348,beer,elect,desert,adviser
349,tear,sauce,double,whereas
350,hero,shock,formal,Olympic
351,seed,habit,stream,fiction
352,busy,juice,racial,senator
353,copy,entry,potato,hunting
354,cite,maker,online,journal
355,gray,Asian,jacket,testify
356,dish,usual,rarely,founder
357,core,anger,priest,dismiss
358,rush,round,adjust,finance
359,vast,smell,retire,diverse
360,flow,tower,attach,working
361,mass,smoke,severe,unknown
362,bomb,coast,impose,offense
363,tone,inner,symbol,counter
364,AIDS,swing,clinic,justify
365,gate,mayor,tomato,protest
366,hill,fifth,butter,insight
367,milk,favor,surely,possess
368,cast,weigh,glance,episode
369,plus,FALSE,fellow,shortly
370,weak,Latin,smooth,assault
371,wrap,essay,nearby,license
372,drag,giant,silver,shelter
373,roof,depth,junior,tragedy
374,diet,shell,throat,funeral
375,wash,onion,salary,squeeze
376,post,brand,unlike,convert
377,chip,award,resist,pretend
378,self,arise,assist,elderly
379,bike,armed,viewer,violate
380,lake,stake,secure,segment
381,bend,fiber,recipe,nowhere
382,Arab,minor,wooden,comfort
383,sand,label,honest,radical
384,lock,index,origin,storage
385,pose,draft,advise,leather
386,sale,rough,wealth,council
387,mine,drama,deputy,fantasy
388,tale,clock,assure,gesture
389,joke,sweep,dealer,ongoing
390,coat,super,phrase,chapter
391,urge,yield,Muslim,divorce
392,dust,fence,switch,sustain
393,glad,bunch,killer,fifteen
394,pack,found,assign,satisfy
395,iron,react,heaven,briefly
396,gene,cheek,button,consume
397,kiss,apple,burden,tobacco
398,boss,virus,string,besides
399,king,blind,resort,wealthy
400,mood,slave,tissue,fighter
401,boot,elite,broken,educate
402,bean,tight,stupid,painful
403,peak,Bible,occupy,uniform
404,vary,chart,cousin,qualify
405,wire,solar,retain,scandal
406,holy,strip,latter,helpful
407,twin,salad,terror,impress
408,luck,pause,bullet,privacy
409,toss,bench,square,contest
410,bury,lover,gently,organic
411,pray,newly,detect,bombing
412,ally,imply,remote,explode
413,pure,pride,mutual,handful
414,peer,ideal,mainly,horizon
415,belt,crash,freeze,curious
416,flag,craft,singer,undergo
417,corn,fault,evolve,edition
418,moon,loose,partly,appoint
419,crop,prior,thirty,battery
420,pink,relax,treaty,arrival
421,buck,stair,sudden,cluster
422,poem,proof,tongue,habitat
423,bind,dirty,stable,actress
424,mail,alter,steady,running
425,tube,split,vessel,worried
426,quit,vital,mm-hmm,portray
427,jail,adapt,dining,carrier
428,pace,Irish,wisdom,cooking
429,cake,honey,garlic,miracle
430,flat,tribe,poetry,killing
431,wage,shelf,scared,charity
432,snap,buyer,slight,venture
433,gear,shade,differ,grocery
434,gang,mount,custom,exhibit
435,teen,angle,carbon,blanket
436,yell,crack,closer,recruit
437,spin,given,scheme,painter
438,bell,trace,galaxy,courage
439,rank,meter,hunter,formula
440,lost,rapid,infant,captain
441,pant,fifty,derive,gallery
442,wipe,porch,fabric,fitness
443,port,rifle,asleep,inquiry
444,dirt,trick,tennis,compose
445,rice,nerve,barrel,related
446,deck,ratio,modest,lightly
447,pole,humor,stroke,trading
448,mode,glove,prompt,surgeon
449,bake,delay,absorb,physics
450,sink,scope,cotton,counsel
451,swim,badly,flavor,excited
452,tire,eager,orange,serving
453,fade,motor,assert,greatly
454,mask,float,valley,pleased
455,load,blade,versus,sponsor
456,deer,cabin,hungry,ethical
457,fate,yours,wander,entitle
458,oven,pitch,submit,evident
459,poet,lemon,legacy,essence
460,mere,naked,shower,exclude
461,pale,shrug,depict,pitcher
462,flee,flame,garage,T-shirt
463,lawn,wound,borrow,reverse
464,plot,flesh,comedy,missing
465,pipe,grain,twelve,confuse
466,math,brush,weekly,monthly
467,tail,seize,devote,lecture
468,palm,shore,ethics,swallow
469,soup,ghost,summit,enforce
470,pile,awful,gifted,contend
471,aide,piano,medium,frankly
472,mall,mouse,basket,hallway
473,heel,chase,powder,monster
474,tent,brick,cookie,crystal
475,myth,patch,admire,written
476,menu,swear,exceed,consult
477,loud,slice,rhythm,forgive
478,auto,exact,lovely,maximum
479,bite,uncle,script,warrior
480,pine,grave,tactic,outdoor
481,chef,couch,margin,curtain
482,boom,shine,horror,walking
483,shit,upset,defeat,playoff
484,cope,organ,sacred,minimum
485,ease,magic,soccer,execute
486,wise,jeans,tunnel,chronic
487,acid,flour,virtue,retired
488,odds,slope,abroad,trigger
489,lung,candy,makeup,virtual
490,ugly,medal,legend,convict
491,rope,curve,remark,landing
492,sake,logic,resign,driving
493,gaze,harsh,reward,vitamin
494,clue,greet,gentle,endless
495,dear,march,invent,mandate
496,coal,snake,ritual,reserve
497,sigh,flash,insect,genuine
498,dare,Islam,salmon,scatter
499,rose,Roman,combat,relieve
500,rail,elbow,bitter,suspend
501,mess,plead,subtle,pension
502,norm,sixth,bishop,rebuild
503,stem,trunk,export,shuttle
504,rape,rumor,closet,precise
505,hunt,cloth,retail,anxious
506,echo,plain,excuse,liberty
507,pill,fraud,deadly,doorway
508,bare,array,Korean,teenage
509,rent,flood,suburb,pursuit
510,pump,arena,render,endorse
511,evil,drift,strict,thereby
512,slam,drain,motive,sharply
513,melt,hurry,temple,garbage
514,fold,wrist,and/or,servant
515,beef,guilt,random,elegant
516,duck,skirt,domain,confess
517,dose,hence,cattle,starter
518,trap,await,fiscal,banking
519,lens,spill,endure,gravity
520,lend,grace,strain,isolate
521,nail,towel,guitar,hostage
522,cave,prize,behave,dynamic
523,herb,boost,dancer,stumble
524,suck,alarm,colony,descend
525,leap,weird,closed,readily
526,pond,sweat,modify,romance
527,dump,outer,govern,circuit
528,limb,drunk,ballot,coastal
529,tune,chaos,praise,burning
530,harm,forty,injure,diamond
531,horn,lobby,canvas,oversee
532,grip,trait,format,o'clock
533,beam,thumb,turkey,trailer
534,fork,unity,convey,loyalty
535,disk,twist,frozen,nominee
536,hook,shame,spouse,alleged
537,exit,rebel,resume,dignity
538,mild,fluid,sodium,seventh
539,doll,click,bounce,tightly
540,noon,carve,pickup,dilemma
541,amid,belly,needle,shallow
542,hers,scare,timing,stadium
543,jazz,ankle,rescue,condemn
544,oral,rider,firmly,costume
545,fist,crawl,poster,statute
546,bath,donor,oxygen,cartoon
547,bold,opera,pastor,hostile
548,hint,clerk,punish,vaccine
549,peel,laser,equity,opposed
550,flip,realm,statue,jewelry
551,bias,blend,repair,concede
552,lamp,pizza,decent,secular
553,chin,civic,purple,neutral
554,chop,steep,eating,biology
555,silk,alien,parade,whoever
556,rage,scary,cancel,verdict
557,dawn,angel,candle,subsidy
558,tide,silly,entity,dessert
559,seal,ranch,vanish,utilize
560,scan,elder,racism,rolling
561,fool,Dutch,casual,minimal
562,rear,Greek,enroll,cocaine
563,cart,quest,intent,sibling
564,mate,juror,toilet,passing
565,slap,stiff,hidden,persist
566,ours,toxic,tender,bicycle
567,barn,grief,lonely,exploit
568,tuck,buddy,shared,charter
569,drum,sword,pillow,consent
570,sail,glory,ruling,workout
571,nest,faint,lately,hormone
572,lane,queen,softly,texture
573,cage,input,verbal,custody
574,rack,steam,tribal,outline
575,wolf,unite,import,uncover
576,grin,equip,divine,catalog
577,aunt,bless,genius,someday
578,calm,bonus,broker,instant
579,haul,mixed,output,trainer
580,ruin,orbit,rocket,eyebrow
581,bush,grasp,donate,inherit
582,clip,spite,inmate,pioneer
583,bull,Cuban,tackle,kingdom
584,exam,wagon,carpet,terrain
585,loop,sheer,bubble,planner
586,edit,thigh,bloody,closest
587,whip,sheep,accent,density
588,boil,whale,shrimp,Persian
589,pork,skull,voting,feather
590,sock,spell,patrol,tighten
591,sexy,booth,immune,partial
592,lion,waist,exotic,builder
593,cord,royal,drawer,glimpse
594,soap,panic,runner,premise
595,cute,crush,empire,legally
596,shed,cliff,puzzle,disturb
597,icon,tumor,tragic,logical
598,heal,pulse,safely,slavery
599,coin,fixed,eleven,mineral
